studynumber,macularthicknessst,foevalst,fov1,mac1,fov6,mac6,fov12,fov18,mac18,fov24,mac24,fov30,mac30,fov36,mac36,fov42,mac42,fov48,mac48,mac54,fov54,arm,treatment,trt,mac12,fovdif1,fovdif6,fovdif12,fovdif18,fovdif24,fovdif36,fovdif42,fovdif48,fovdif54,macdif1,macdif6,macdif12,macdif18,macdif24,macdif36,macdif42,macdif48,macdif54
45,302,297,252,255,244,272,278,453,455,350,383,,,488,491,518,516,322,334,313,317,2,Macugen,0,374,-45,-53,-19,156,53,191,221,25,20,-47,-30,72,153,81,189,214,32,11
91,267,261,285,280,272,264,182,192,201,208,213,118,163,175,193,206,213,206,224,250,229,2,Macugen,0,195,24,11,-79,-69,-53,-86,-55,-55,-32,13,-3,-72,-66,-54,-74,-54,-43,-17
101,348,310,210,252,383,423,294,269,327,351,392,252,275,226,260,246,299,296,334,273,203,2,Macugen,0,328,-100,73,-16,-41,41,-84,-64,-14,-107,-96,75,-20,-21,44,-88,-49,-14,-75
109,254,252,254,239,236,233,324,429,419,412,399,475,461,456,449,345,344,524,513,518,536,2,Macugen,0,312,2,-16,72,177,160,204,93,272,284,-15,-21,58,165,145,195,90,259,264
7,294,270,343,328,300,296,317,302,302,366,365,364,371,367,372,345,352,406,400,384,379,3,Sham,0,312,73,30,47,32,96,97,75,136,109,34,2,18,8,71,78,58,106,90
2,491,478,242,275,181,233,271,194,216,391,380,368,360,385,408,334,322,407,425,173,131,1,PDT,0,285,-236,-297,-207,-284,-87,-93,-144,-71,-347,-216,-258,-206,-275,-111,-83,-169,-66,-318
119,348,397,356,348,128,158,107,114,153,176,183,157,163,117,144,103,120,106,128,127,105,2,Macugen,0,144,-41,-269,-290,-283,-221,-280,-294,-291,-292,0,-190,-204,-195,-165,-204,-228,-220,-221
15,315,328,157,196,153,199,189,137,166,200,190,185,193,176,194,191,177,126,166,207,199,1,PDT,0,211,-171,-175,-139,-191,-128,-152,-137,-202,-129,-119,-116,-104,-149,-125,-121,-138,-149,-108
303,308,306,326,381,305,311,329,358,413,419,434,498,508,,,,,,,,,3,Sham,0,333,20,-1,23,52,113,,,,,73,3,25,105,126,,,,
80,383,381,309,312,267,263,267,238,264,306,299,247,266,349,345,364,356,282,291,277,287,2,Macugen,0,265,-72,-114,-114,-143,-75,-32,-17,-99,-94,-71,-120,-118,-119,-84,-38,-27,-92,-106
42,223,206,221,234,224,272,246,258,227,279,283,276,309,251,290,319,323,187,232,236,217,3,Sham,0,285,15,18,40,52,73,45,113,-19,11,11,49,62,4,60,67,100,9,13
110,241,223,251,263,287,297,252,330,248,389,391,404,393,326,322,361,340,406,400,400,406,2,Macugen,0,298,28,64,29,107,166,103,138,183,183,22,56,57,7,150,81,99,159,159
23,346,296,205,220,176,199,157,159,174,117,149,148,196,239,227,105,142,100,131,181,180,1,PDT,0,205,-91,-120,-139,-137,-179,-57,-191,-196,-116,-126,-147,-141,-172,-197,-119,-204,-215,-165
75,441,420,442,423,264,301,256,314,328,297,336,237,296,241,308,174,224,197,240,255,214,2,Macugen,0,290,22,-156,-164,-106,-123,-179,-246,-223,-206,-18,-140,-151,-113,-105,-133,-217,-201,-186
8,266,254,387,359,283,293,388,295,302,247,342,312,302,343,309,269,270,277,297,265,258,2,Macugen,0,372,133,29,134,41,-7,89,15,23,4,93,27,106,36,76,43,4,31,-1
59,334,341,434,399,394,369,455,495,481,388,338,340,328,450,450,416,418,420,417,184,139,2,Macugen,0,435,93,53,114,154,47,109,75,79,-202,65,35,101,147,4,116,84,83,-150
82,351,348,351,350,412,411,395,301,307,369,352,314,303,393,390,476,469,380,383,330,339,2,Macugen,0,410,3,64,47,-47,21,45,128,32,-9,-1,60,59,-44,1,39,118,32,-21
3,366,386,313,340,346,342,402,462,467,553,561,614,582,554,572,554,572,665,653,597,576,3,Sham,0,408,-73,-40,16,76,167,168,168,279,190,-26,-24,42,101,195,206,206,287,231
58,782,791,179,230,191,215,226,362,384,356,358,349,350,99,125,203,230,319,349,357,367,1,PDT,0,256,-612,-600,-565,-429,-435,-692,-588,-472,-424,-552,-567,-526,-398,-424,-657,-552,-433,-425
301,297,323,219,219,121,162,165,,,,,,,,,,,,,,,3,Sham,0,185,-104,-202,-158,,,,,,,-78,-135,-112,,,,,,
123,389,387,318,316,176,207,184,258,264,256,273,187,190,239,233,233,239,238,211,181,156,2,Macugen,0,224,-69,-211,-203,-129,-131,-148,-154,-149,-231,-73,-182,-165,-125,-116,-156,-150,-178,-208
65,252,192,230,237,295,288,286,213,217,265,247,240,237,223,218,200,220,197,237,259,259,2,Macugen,0,272,38,103,94,21,73,31,8,5,67,-15,36,20,-35,-5,-34,-32,-15,7
98,194,168,215,238,278,269,345,380,320,416,387,305,325,319,334,204,215,466,370,485,524,2,Macugen,0,332,47,110,177,212,248,151,36,298,356,44,75,138,126,193,140,21,176,291
36,300,279,280,289,248,262,231,362,362,393,386,348,343,246,246,256,274,266,256,282,288,3,Sham,0,247,1,-31,-48,83,114,-33,-23,-13,9,-11,-38,-53,62,86,-54,-26,-44,-18
203,254,241,272,272,206,205,180,146,165,173,171,159,167,173,179,189,184,,,9999,,1,PDT,0,187,31,-35,-61,-95,-68,-68,-52,,,18,-49,-67,-89,-83,-75,-70,,9745
90,338,346,330,314,313,317,300,,,283,292,241,254,151,218,172,200,248,240,235,223,2,Macugen,0,309,-16,-33,-46,,-63,-195,-174,-98,-123,-24,-21,-29,,-46,-120,-138,-98,-103
71,426,433,387,389,238,282,169,316,328,203,241,215,225,221,238,262,265,199,216,215,198,1,PDT,0,180,-46,-195,-264,-117,-230,-212,-171,-234,-235,-37,-144,-246,-98,-185,-188,-161,-210,-211
77,332,332,326,325,319,308,328,273,273,217,221,234,236,203,218,175,188,137,175,186,166,2,Macugen,0,306,-6,-13,-4,-59,-115,-129,-157,-195,-166,-7,-24,-26,-59,-111,-114,-144,-157,-146
87,252,220,258,278,213,237,212,223,254,223,247,238,255,250,285,248,271,254,285,230,217,2,Macugen,0,245,38,-7,-8,3,3,30,28,34,-3,26,-15,-7,2,-5,33,19,33,-22
105,220,198,196,214,178,200,184,173,198,188,208,185,201,175,190,173,191,178,196,183,172,2,Macugen,0,202,-2,-20,-14,-25,-10,-23,-25,-20,-26,-6,-20,-18,-22,-12,-30,-29,-24,-37
113,352,366,243,235,352,319,227,219,241,319,305,239,248,370,346,431,406,530,491,392,418,2,Macugen,0,240,-123,-14,-139,-147,-47,4,65,164,52,-117,-33,-112,-111,-47,-6,54,139,40
116,343,304,309,343,373,352,459,256,344,382,370,346,403,455,448,473,447,358,334,360,361,2,Macugen,0,406,5,69,155,-48,78,151,169,54,57,0,9,63,1,27,105,104,-9,17
56,354,346,253,282,289,293,272,276,312,376,371,398,385,306,314,425,406,416,394,339,316,2,Macugen,0,292,-93,-57,-74,-70,30,-40,79,70,-30,-72,-61,-62,-42,17,-40,52,40,-15
99,339,335,324,331,297,310,344,364,357,321,315,327,339,300,297,286,287,292,292,277,285,2,Macugen,0,344,-11,-38,9,29,-14,-35,-49,-43,-50,-8,-29,5,18,-24,-42,-52,-47,-62
94,345,354,258,259,236,255,174,213,207,140,154,142,148,140,158,127,145,157,166,137,109,2,Macugen,0,178,-96,-118,-180,-141,-214,-214,-227,-197,-245,-86,-90,-167,-138,-191,-187,-200,-179,-208
10,449,452,337,336,759,763,432,561,561,497,497,483,472,489,482,479,470,369,377,456,486,1,PDT,0,428,-115,307,-20,109,45,37,27,-83,34,-113,314,-21,112,48,33,21,-72,7
26,380,370,217,262,435,431,403,409,416,335,345,283,293,228,243,206,226,208,228,219,200,1,PDT,0,428,-153,65,33,39,-35,-142,-164,-162,-170,-118,51,48,36,-35,-137,-154,-152,-161
103,190,148,282,278,168,201,100,151,206,103,143,352,324,278,275,229,218,247,261,192,142,2,Macugen,0,164,134,20,-48,3,-45,130,81,99,-6,88,11,-26,16,-47,85,28,71,2
53,564,567,440,430,390,405,365,369,369,232,241,319,310,264,288,364,390,285,307,363,351,2,Macugen,0,394,-127,-177,-202,-198,-335,-303,-203,-282,-216,-134,-159,-170,-195,-323,-276,-174,-257,-201
201,329,278,638,648,355,376,333,296,310,406,389,297,295,607,617,465,469,289,283,204,178,1,PDT,0,352,360,77,55,18,128,329,187,11,-100,319,47,23,-19,60,288,140,-46,-125
55,272,270,308,313,349,333,281,251,267,332,321,355,361,325,363,470,450,254,260,298,302,2,Macugen,0,285,38,79,11,-19,62,55,200,-16,32,41,61,13,-5,49,91,178,-12,26
22,256,258,229,236,244,253,278,251,270,249,254,227,261,273,277,254,270,207,236,259,215,2,Macugen,0,282,-29,-14,20,-7,-9,15,-4,-51,-43,-20,-3,26,14,-2,21,14,-20,3
38,426,408,262,280,125,187,218,122,192,240,252,344,334,304,286,131,173,123,162,217,221,1,PDT,0,230,-146,-283,-190,-286,-168,-104,-277,-285,-187,-146,-239,-196,-234,-174,-140,-253,-264,-209
34,331,326,263,257,267,288,374,276,278,314,316,313,298,215,247,,,215,233,214,186,1,PDT,0,374,-63,-59,48,-50,-12,-111,,-111,-140,-74,-43,43,-53,-15,-84,,-98,-117
18,249,241,281,286,256,247,276,272,273,290,286,259,260,258,262,367,361,299,292,333,335,3,Sham,0,276,40,15,35,31,49,17,126,58,94,37,-2,27,24,37,13,112,43,84
16,356,351,372,381,380,375,411,232,246,248,235,221,220,187,206,145,179,,9999,9999,,3,Sham,0,409,21,29,60,-119,-103,-164,-206,,,25,19,53,-110,-121,-150,-177,9643,9643
84,319,310,302,312,286,301,238,222,245,262,283,247,273,176,207,170,199,180,212,209,184,2,Macugen,0,261,-8,-24,-72,-88,-48,-134,-140,-130,-126,-7,-18,-58,-74,-36,-112,-120,-107,-110
107,241,233,178,211,178,213,214,221,237,23,243,351,249,273,264,308,303,306,290,196,174,2,Macugen,0,225,-55,-55,-19,-12,-210,40,75,73,-59,-30,-28,-16,-4,2,23,62,49,-45
68,396,405,275,295,305,301,366,298,316,416,399,254,288,299,293,302,296,287,289,218,201,1,PDT,0,358,-130,-100,-39,-107,11,-106,-103,-118,-204,-101,-95,-38,-80,3,-103,-100,-107,-178
27,255,231,199,215,220,238,325,191,204,252,238,135,170,152,160,160,220,150,158,219,159,1,PDT,0,313,-32,-11,94,-40,21,-79,-71,-81,-72,-40,-17,58,-51,-17,-95,-35,-97,-36
44,505,511,961,920,564,577,,,9999,,9999,,9999,,9999,,9999,,9999,9999,,3,Sham,0,9999,450,53,,,,,,,,415,72,9494,9494,9494,9494,9494,9494,9494
73,277,259,29,248,228,240,294,301,289,214,238,289,292,259,253,333,323,392,383,336,349,2,Macugen,0,291,-230,-31,35,42,-45,0,74,133,90,-29,-37,14,12,-39,-24,46,106,59
12,254,242,,,,,,,,,,,,,,,,,,,,3,Sham,0,,,,,,,,,,,,,,,,,,,
60,341,331,419,416,288,303,271,210,236,235,245,254,265,313,331,230,253,296,314,286,285,1,PDT,0,282,88,-43,-60,-121,-96,-18,-101,-35,-46,75,-38,-59,-105,-96,-10,-88,-27,-55
115,293,271,300,306,302,322,266,288,313,232,242,245,257,180,212,223,260,257,282,274,263,2,Macugen,0,275,29,31,-5,17,-39,-91,-48,-14,-8,13,29,-18,20,-51,-81,-33,-11,-19
25,389,383,396,364,476,464,317,315,307,258,244,226,224,205,205,194,205,178,190,216,227,1,PDT,0,325,13,93,-66,-68,-125,-178,-189,-205,-156,-25,75,-64,-82,-145,-184,-184,-199,-173
304,264,260,301,276,201,213,209,186,200,199,202,200,200,165,177,199,199,187,193,196,200,3,Sham,0,216,41,-59,-51,-74,-61,-95,-61,-73,-60,12,-51,-48,-64,-62,-87,-65,-71,-68
46,303,320,337,306,259,260,351,485,423,428,405,449,421,391,366,,,,,,,2,Macugen,0,307,17,-61,31,165,108,71,,,,3,-43,4,120,102,63,,,
121,231,193,201,249,201,256,195,215,269,178,231,188,229,270,276,248,243,298,291,232,224,2,Macugen,0,250,8,8,2,22,-15,77,55,105,31,18,25,19,38,0,45,12,60,1
41,385,374,251,247,305,310,281,,9999,315,342,,,,,,,260,278,298,268,2,Macugen,0,291,-123,-69,-93,,-59,,,-114,-106,-138,-75,-94,9614,-43,,,-107,-87
48,299,296,409,415,263,267,324,266,270,253,277,211,229,310,325,202,241,227,257,201,165,1,PDT,0,330,113,-33,28,-30,-43,14,-94,-69,-131,116,-32,31,-29,-22,26,-58,-42,-98
93,201,145,145,200,126,187,141,143,198,136,195,125,192,259,247,168,209,157,210,216,173,2,Macugen,0,202,0,-19,-4,-2,-9,114,23,12,28,-1,-14,1,-3,-6,46,8,9,15
62,368,410,293,288,350,309,277,385,359,343,345,376,329,344,308,382,334,200,247,257,221,2,Macugen,0,297,-117,-60,-133,-25,-67,-66,-28,-210,-189,-80,-59,-71,-9,-23,-60,-34,-121,-111
32,249,270,269,257,300,278,317,316,304,335,324,284,287,282,281,251,258,256,249,227,201,3,Sham,0,300,-1,30,47,46,65,12,-19,-14,-69,8,29,51,55,75,32,9,0,-22
72,359,389,310,283,152,186,135,183,196,152,168,144,178,203,205,145,161,126,159,169,135,2,Macugen,0,166,-79,-237,-254,-206,-237,-186,-244,-263,-254,-76,-173,-193,-163,-191,-154,-198,-200,-190
30,342,330,315,315,355,353,362,416,405,439,435,147,168,200,193,125,159,299,293,224,208,2,Macugen,0,365,-15,25,32,86,109,-130,-205,-31,-122,-27,11,23,63,93,-149,-183,-49,-118
100,496,457,329,350,262,261,179,196,218,357,327,242,256,291,291,263,260,293,295,296,299,2,Avastin,1,194,-128,-195,-278,-261,-100,-166,-194,-164,-158,-146,-235,-302,-278,-169,-205,-236,-201,-200
43,366,371,274,342,276,307,321,,,,,,,,,,,,,,,1,Avastin,1,317,-97,-95,-50,,,,,,,-24,-59,-49,,,,,,
28,341,343,181,237,139,168,124,154,176,158,169,186,192,149,165,159,180,228,228,200,181,3,Avastin,1,161,-162,-204,-219,-189,-185,-194,-184,-115,-162,-104,-173,-180,-165,-172,-176,-161,-113,-141
79,419,431,362,360,451,429,388,442,422,393,394,383,374,313,328,339,326,309,300,296,292,2,Avastin,1,378,-69,20,-43,11,-38,-118,-92,-122,-139,-59,10,-41,3,-25,-91,-93,-119,-123
76,440,446,484,475,242,293,192,212,238,357,321,213,251,248,275,266,266,295,291,292,307,2,Avastin,1,229,38,-204,-254,-234,-89,-198,-180,-151,-139,35,-147,-211,-202,-119,-165,-174,-149,-148
97,391,392,380,377,337,356,224,245,269,302,297,242,267,297,336,340,337,365,357,367,340,2,Avastin,1,242,-12,-55,-168,-147,-90,-95,-52,-27,-52,-14,-35,-149,-122,-94,-55,-54,-34,-24
88,316,312,222,239,176,180,133,168,178,183,187,152,164,187,183,231,208,138,164,179,172,2,Avastin,1,169,-90,-136,-179,-144,-129,-125,-81,-174,-140,-77,-136,-147,-138,-129,-133,-108,-152,-137
21,304,291,153,180,155,171,133,127,153,133,150,112,132,166,173,135,154,154,159,161,138,3,Avastin,1,133,-138,-136,-158,-164,-158,-125,-156,-137,-153,-124,-133,-171,-151,-154,-131,-150,-145,-143
86,527,539,485,476,455,454,585,540,521,637,577,504,470,462,475,593,556,464,462,394,400,2,Avastin,1,531,-54,-84,46,1,98,-77,54,-75,-139,-51,-73,4,-6,50,-52,29,-65,-133
67,330,328,282,281,208,220,291,260,272,262,276,293,297,288,294,214,229,254,277,378,385,2,Avastin,1,292,-46,-120,-37,-68,-66,-40,-114,-74,57,-49,-110,-38,-58,-54,-36,-101,-53,48
13,415,406,313,315,412,426,457,282,338,172,260,293,303,215,266,269,304,375,364,298,204,3,Avastin,1,445,-93,6,51,-124,-234,-191,-137,-31,-202,-100,11,30,-77,-155,-149,-111,-51,-117
89,306,287,237,262,204,229,200,234,245,233,245,272,279,255,271,243,249,202,214,199,172,2,Avastin,1,219,-50,-83,-87,-53,-54,-32,-44,-85,-115,-44,-77,-87,-61,-61,-35,-57,-92,-107
104,209,208,201,209,252,245,274,305,290,304,299,259,273,306,295,354,349,325,317,320,302,2,Avastin,1,272,-7,44,66,97,96,98,146,117,94,0,36,63,81,90,86,140,108,111
11,328,302,189,211,175,102,180,189,201,172,201,182,202,159,195,179,197,147,193,196,172,1,Avastin,1,206,-113,-127,-122,-113,-130,-143,-123,-155,-130,-117,-226,-122,-127,-127,-133,-131,-135,-132
4,271,233,264,283,195,244,185,162,210,234,252,302,291,234,254,182,221,182,235,226,183,1,Avastin,1,223,31,-38,-48,-71,1,1,-51,-51,-50,12,-27,-48,-61,-19,-17,-50,-36,-45
120,354,392,236,229,212,214,151,142,158,167,171,107,145,148,156,158,170,172,180,208,206,2,Avastin,1,165,-156,-180,-241,-250,-225,-244,-234,-220,-186,-125,-140,-189,-196,-183,-198,-184,-174,-146
108,263,253,170,215,188,206,186,132,155,141,167,165,173,136,168,236,229,154,169,274,276,2,Avastin,1,190,-83,-65,-67,-121,-112,-117,-17,-99,23,-48,-57,-73,-108,-96,-95,-34,-94,11
78,250,244,161,200,188,257,170,245,230,205,191,129,173,338,246,334,260,281,187,246,249,1,Avastin,1,197,-83,-56,-74,1,-39,94,90,37,5,-50,7,-53,-20,-59,-4,10,-63,-4
20,309,307,319,336,273,278,243,201,253,398,375,263,282,207,239,316,301,205,235,233,225,2,Avastin,1,249,12,-34,-64,-106,91,-100,9,-102,-82,27,-31,-60,-56,66,-70,-8,-74,-76
19,299,290,274,290,217,229,185,224,254,219,236,321,330,198,224,166,212,151,190,202,168,3,Avastin,1,242,-16,-73,-105,-66,-71,-92,-124,-139,-122,-9,-70,-57,-45,-63,-75,-87,-109,-97
117,223,209,199,224,207,232,215,222,236,214,236,171,185,205,232,233,243,208,238,242,235,2,Avastin,1,230,-10,-2,6,13,5,-4,24,-1,26,1,9,7,13,13,9,20,15,19
14,444,446,346,354,243,273,316,248,264,254,250,209,217,315,305,196,208,247,245,366,376,2,Avastin,1,320,-100,-203,-130,-198,-192,-131,-250,-199,-70,-90,-171,-124,-180,-194,-139,-236,-199,-78
31,349,356,297,300,242,246,355,376,365,363,352,352,328,351,333,321,320,381,359,307,302,2,Avastin,1,357,-59,-114,-1,20,7,-5,-35,25,-54,-49,-103,8,16,3,-16,-29,10,-42
118,225,210,210,225,245,252,266,218,231,209,223,275,285,203,224,212,229,227,238,221,202,2,Avastin,1,262,0,35,56,8,-1,-7,2,17,-8,0,27,37,6,-2,-1,4,13,-4
102,206,207,189,194,194,212,211,203,209,300,315,195,209,191,195,250,251,304,310,439,460,2,Avastin,1,220,-18,-13,4,-4,93,-16,43,97,253,-12,6,14,3,109,-11,45,104,233
64,347,346,288,305,154,198,182,246,238,177,218,155,194,187,193,151,192,,,264,220,2,Avastin,1,219,-58,-192,-164,-100,-169,-159,-195,,-126,-42,-149,-128,-109,-129,-154,-155,,-83
202,509,523,252,259,307,305,329,391,385,391,399,640,632,330,318,340,335,397,396,343,314,1,Avastin,1,328,-271,-216,-194,-132,-132,-193,-183,-126,-209,-250,-204,-181,-124,-110,-191,-174,-113,-166
66,506,506,483,474,295,315,278,398,402,297,306,270,261,269,270,361,366,199,233,216,201,2,Avastin,1,295,-23,-211,-228,-108,-209,-237,-145,-307,-305,-32,-191,-211,-104,-200,-236,-140,-273,-290
83,468,470,322,333,191,221,201,166,192,196,210,179,196,213,223,156,180,152,182,194,169,1,Avastin,1,226,-148,-279,-269,-304,-274,-257,-314,-318,-301,-135,-247,-242,-276,-258,-245,-288,-286,-274
111,363,371,373,395,268,276,344,235,261,239,267,225,243,265,272,358,365,258,264,328,325,2,Avastin,1,337,2,-103,-27,-136,-132,-106,-13,-113,-46,32,-87,-26,-102,-96,-91,2,-99,-35
1,376,388,184,189,212,233,235,232,233,242,243,244,232,204,230,237,228,247,262,216,186,3,Avastin,1,265,-204,-176,-153,-156,-146,-184,-151,-141,-202,-187,-143,-111,-143,-133,-146,-148,-114,-160
37,244,215,205,245,229,252,186,185,222,188,206,157,217,181,232,174,233,161,210,232,174,1,Avastin,1,229,-10,14,-29,-30,-27,-34,-41,-54,-41,1,8,-15,-22,-38,-12,-11,-34,-12
85,267,262,191,220,228,223,147,198,201,173,183,186,193,113,141,148,161,163,167,138,108,2,Avastin,1,177,-71,-34,-115,-64,-89,-149,-114,-99,-154,-47,-44,-90,-66,-84,-126,-106,-100,-129
81,330,337,339,354,318,356,344,349,335,314,272,233,273,200,236,213,218,168,195,234,185,1,Avastin,1,339,2,-19,7,12,-23,-137,-124,-169,-152,24,26,9,5,-58,-94,-112,-135,-96
50,343,304,293,299,393,372,205,340,328,206,231,418,409,215,242,280,299,156,197,267,273,3,Avastin,1,226,-11,89,-99,36,-98,-89,-24,-148,-31,-44,29,-117,-15,-112,-101,-44,-146,-76
5,345,344,299,298,323,326,292,299,294,324,328,284,292,278,279,249,265,296,290,278,268,3,Avastin,1,294,-45,-21,-52,-45,-20,-66,-95,-48,-76,-47,-19,-51,-51,-17,-66,-80,-55,-67
24,280,284,146,173,156,176,135,165,168,99,132,103,139,97,136,142,159,120,144,130,103,1,Avastin,1,160,-138,-128,-149,-119,-185,-187,-142,-164,-181,-107,-104,-120,-112,-148,-144,-121,-136,-150
49,326,342,320,322,268,266,232,154,202,249,248,195,213,203,223,195,211,199,219,225,199,1,Avastin,1,250,-22,-74,-110,-188,-93,-139,-147,-143,-143,-4,-60,-76,-124,-78,-103,-115,-107,-101
106,459,455,276,292,309,323,170,165,178,320,315,193,211,173,188,413,408,280,264,198,174,2,Avastin,1,184,-179,-146,-285,-290,-135,-282,-42,-175,-281,-167,-136,-275,-281,-144,-271,-51,-195,-261
114,223,174,179,212,179,213,185,180,224,176,214,175,217,178,221,192,245,197,230,281,304,2,Avastin,1,221,5,5,11,6,2,4,18,23,130,-11,-10,-2,1,-9,-2,22,7,58
54,312,323,256,272,157,195,149,142,173,163,184,127,162,133,167,125,167,125,167,158,122,3,Avastin,1,182,-67,-166,-174,-181,-160,-190,-198,-198,-201,-40,-117,-130,-139,-128,-145,-145,-145,-154
29,399,392,244,276,268,271,208,226,228,205,208,209,234,256,247,332,322,269,259,205,190,1,Avastin,1,226,-148,-124,-184,-166,-187,-136,-60,-123,-202,-123,-128,-173,-171,-191,-152,-77,-140,-194
112,243,238,178,192,174,194,214,452,406,332,296,197,224,115,163,109,160,196,179,162,103,2,Avastin,1,251,-60,-64,-24,214,94,-123,-129,-42,-135,-51,-49,8,163,53,-80,-83,-64,-81
52,514,498,223,255,250,267,253,200,219,332,313,,,449,425,195,207,221,208,209,198,2,Avastin,1,256,-275,-248,-245,-298,-166,-49,-303,-277,-300,-259,-247,-258,-295,-201,-89,-307,-306,-305
70,262,260,229,247,204,214,201,181,194,178,183,158,179,173,181,154,174,172,180,171,151,2,Avastin,1,207,-31,-56,-59,-79,-82,-87,-106,-88,-109,-15,-48,-55,-68,-79,-81,-88,-82,-91
57,289,267,304,301,246,253,238,318,284,287,267,214,243,272,248,281,261,256,251,251,275,2,Avastin,1,259,37,-21,-29,51,20,5,14,-11,8,12,-36,-30,-5,-22,-41,-28,-38,-38
35,244,237,237,249,203,224,202,202,202,138,170,139,164,140,171,147,170,261,330,333,304,3,Avastin,1,202,0,-34,-35,-35,-99,-97,-90,24,67,5,-20,-42,-42,-74,-73,-74,86,89
6,268,245,166,192,132,174,138,109,166,134,160,127,172,174,187,144,167,135,164,185,179,3,Avastin,1,177,-79,-113,-107,-136,-111,-71,-101,-110,-66,-76,-94,-91,-102,-108,-81,-101,-104,-83
95,306,270,245,247,237,277,240,217,254,241,264,240,262,261,278,261,294,272,300,311,281,2,Avastin,1,257,-25,-33,-30,-53,-29,-9,-9,2,11,-59,-29,-49,-52,-42,-28,-12,-6,5
61,339,322,233,242,147,163,115,120,146,111,144,115,147,178,203,133,152,133,161,202,198,2,Avastin,1,147,-89,-175,-207,-202,-211,-144,-189,-189,-124,-97,-176,-192,-193,-195,-136,-187,-178,-137
96,360,364,211,206,135,146,152,156,169,96,137,128,159,192,226,133,160,145,174,136,125,2,Avastin,1,173,-153,-229,-212,-208,-268,-172,-231,-219,-239,-154,-214,-187,-191,-223,-134,-200,-186,-224
92,418,428,344,362,303,323,304,315,313,301,324,343,346,407,402,373,374,366,368,407,412,2,Avastin,1,320,-84,-125,-124,-113,-127,-21,-55,-62,-16,-56,-95,-98,-105,-94,-16,-44,-50,-11
63,261,227,364,349,395,427,245,230,234,250,248,203,212,207,225,188,198,420,396,236,214,2,Avastin,1,259,137,168,18,3,23,-20,-39,193,-13,88,166,-2,-27,-13,-36,-63,135,-25
9,645,649,403,433,409,401,323,307,322,209,238,248,252,189,204,127,164,,,226,211,1,Avastin,1,344,-246,-240,-326,-342,-440,-460,-522,,-438,-212,-244,-301,-323,-407,-441,-481,,-419
39,441,446,318,327,299,287,226,174,223,259,272,222,255,239,262,290,304,283,280,308,328,2,Avastin,1,235,-128,-147,-220,-272,-187,-207,-156,-163,-118,-114,-154,-206,-218,-169,-179,-137,-161,-133
17,281,269,271,289,306,305,265,256,255,232,243,221,242,193,213,210,219,182,203,225,206,1,Avastin,1,275,2,37,-4,-13,-37,-76,-59,-87,-63,8,24,-6,-26,-38,-68,-62,-78,-56
47,326,297,257,268,325,351,252,190,253,280,283,233,277,242,250,272,268,351,311,299,269,1,Avastin,1,290,-40,28,-45,-107,-17,-55,-25,54,-28,-58,25,-36,-73,-43,-76,-58,-15,-27
40,372,340,222,250,130,172,274,162,206,111,172,323,358,188,216,122,170,256,296,191,138,3,Avastin,1,298,-118,-210,-66,-178,-229,-152,-218,-84,-202,-122,-200,-74,-166,-200,-156,-202,-76,-181
69,265,235,183,230,191,226,165,202,232,197,242,187,238,169,225,192,221,186,238,288,303,2,Avastin,1,205,-52,-44,-70,-33,-38,-66,-43,-49,68,-35,-39,-60,-33,-23,-40,-44,-27,23
51,271,225,191,226,209,224,187,184,211,213,237,235,256,196,226,262,274,266,277,284,281,3,Avastin,1,211,-34,-16,-38,-41,-12,-29,37,41,56,-45,-47,-60,-60,-34,-45,3,6,13
122,327,300,247,260,211,221,205,506,221,218,220,220,227,206,215,218,227,288,243,222,212,2,Avastin,1,219,-53,-89,-95,206,-82,-94,-82,-12,-88,-67,-106,-108,-106,-107,-112,-100,-84,-105
74,297,250,283,282,203,245,320,306,310,298,308,250,271,253,260,226,270,257,255,231,211,2,Avastin,1,330,33,-47,70,56,48,3,-24,7,-39,-15,-52,33,13,11,-37,-27,-42,-66
33,365,381,368,355,387,387,293,224,281,353,324,278,309,229,299,270,270,211,279,278,247,1,Avastin,1,332,-13,6,-88,-157,-28,-152,-111,-170,-134,-10,22,-33,-84,-41,-66,-95,-86,-87
124,342,311,419,394,145,179,129,116,145,217,235,107,146,268,310,140,167,218,271,178,139,2,Avastin,1,161,108,-166,-182,-195,-94,-43,-171,-93,-172,52,-163,-181,-197,-107,-32,-175,-71,-164
302,320,312,331,318,280,295,330,282,299,245,254,232,258,291,291,184,220,244,261,224,199,1,Avastin,1,323,19,-32,18,-30,-67,-21,-128,-68,-113,-2,-25,3,-21,-66,-29,-100,-59,-96